VH Sequence,,ANT Projection,PSY Projection,ANT Binding,OVA Binding,SMP Binding
WT,WT,-2.822544191,2.609735623,1,1,1
43-06,43-06,-2.87,1.60,1.20,0.40,0.73
QVQLVQSGAEVKKPGASVKVSCKASGYTFTDYVMHWVRQAPGQGLEWMGRVNPNRGTTTYNQKFEGRVTMTTDTSTSTAYMELRSLRSDDTAVYYCARSNGLDDWGQGTTVTVSS,14.53,-2.46,2.14,0.83,0.00,0.05
QVQLVQSGAEVKKPGASVKVSCKASGYTFTDYYMHWVRQAPGQGLEWMGKVNPNAGDTTYNQKFEGRVTMTTDTSTSTAYMELRSLRSDDTAVYYCARSNSLDFWGQGTTVTVSS,18.06,-1.24,0.96,0.31,0.01,0.09
QVQLVQSGAEVKKPGASVKVSCKASGYTFTDYFMHWVRQAPGQGLEWMGGVNPNETGTTYNQKFEGRVTMTTDTSTSTAYMELRSLRSDDTAVYYCARANSLDFWGQGTTVTVSS,24.32,-1.59,1.12,0.52,0.04,0.09
QVQLVQSGAEVKKPGASVKVSCKASGYTFTDYYMHWVRQAPGQGLEWMGKVNPNRGSTTYNQKFEGRVTMTTDTSTSTAYMELRSLRSDDTAVYYCARSNLLDYWGQGTTVTVSS,27.02,-1.56,2.17,0.57,0.73,0.76
QVQLVQSGAEVKKPGASVKVSCKASGYTFTDYFMHWVRQAPGQGLEWMGRVNPNAGTTTYNQKFEGRVTMTTDTSTSTAYMELRSLRSDDTAVYYCARSNGLDYWGQGTTVTVSS,27.10,-1.90,1.40,0.95,0.01,0.05
QVQLVQSGAEVKKPGASVKVSCKASGYTFTDYYMHWVRQAPGQGLEWMGRVNPNTRSTTYNQKFEGRVTMTTDTSTSTAYMELRSLRSDDTAVYYCARSNALDAWGQGTTVTVSS,27.22,-2.96,1.83,1.20,0.70,0.87
QVQLVQSGAEVKKPGASVKVSCKASGYTFTDYYMHWVRQAPGQGLEWMGRVNPNGRGTTYNQKFEGRVTMTTDTSTSTAYMELRSLRSDDTAVYYCARSNGLDYWGQGTTVTVSS,27.32,-2.05,1.37,0.57,0.76,0.64
QVQLVQSGAEVKKPGASVKVSCKASGYTFTDYYMHWVRQAPGQGLEWMGKVNPNGRGTTYNQKFEGRVTMTTDTSTSTAYMELRSLRSDDTAVYYCARSNGLDYWGQGTTVTVSS,43.01,-2.40,1.71,1.15,0.53,0.76
QVQLVQSGAEVKKPGASVKVSCKASGYTFTDYYMHWVRQAPGQGLEWMGRVNPNGRGTTYNQKFEGRVTMTTDTSTSTAYMELRSLRSDDTAVYYCARSNLLDDWGQGTTVTVSS,43.06,-2.87,1.60,1.20,0.40,0.73
QVQLVQSGAEVKKPGASVKVSCKASGYTFTDYVMHWVRQAPGQGLEWMGRVNPNGRGTTYNQKFEGRVTMTTDTSTSTAYMELRSLRSDDTAVYYCARSNLLDDWGQGTTVTVSS,43.14,-1.68,0.72,0.43,0.01,0.25
QVQLVQSGAEVKKPGASVKVSCKASGYTFTDYYMHWVRQAPGQGLEWMGRVNPNAGGTTYNQKFEGRVTMTTDTSTSTAYMELRSLRSDDTAVYYCARSNVLDFWGQGTTVTVSS,43.20,-1.98,0.97,0.79,0.01,0.08
QVQLVQSGAEVKKPGASVKVSCKASGYTFTDYYMHWVRQAPGQGLEWMGRVNPNGRGTTYNQKFEGRVTMTTDTSTSTAYMELRSLRSDDTAVYYCARANLLDDWGQGTTVTVSS,45.02,-2.78,1.53,0.72,0.03,0.15
QVQLVQSGAEVKKPGASVKVSCKASGYTFTDYYMHWVRQAPGQGLEWMGRVNPNTAGTTYNQKFEGRVTMTTDTSTSTAYMELRSLRSDDTAVYYCARSNLLDYWGQGTTVTVSS,45.04,-2.81,1.85,0.50,0.02,0.17
QVQLVQSGAEVKKPGASVKVSCKASGYTFTDYYMHWVRQAPGQGLEWMGRVNPNGRGTTYNQKFEGRVTMTTDTSTSTAYMELRSLRSDDTAVYYCARANALDAWGQGTTVTVSS,EM01,-1.98,1.11,0.83,0.09,0.28
QVQLVQSGAEVKKPGASVKVSCKASGYTFTDYYMHWVRQAPGQGLEWMGRVNPNAGTTTYNQKFEGRVTMTTDTSTSTAYMELRSLRSDDTAVYYCARSNLLDDWGQGTTVTVSS,EM02,-2.97,1.92,1.10,0.19,0.51
QVQLVQSGAEVKKPGASVKVSCKASGYTFTDYYMHWVRQAPGQGLEWMGKVNPNRGSTTYNQKFEGRVTMTTDTSTSTAYMELRSLRSDDTAVYYCARSNLLDFWGQGTTVTVSS,EM04,-1.70,0.98,0.79,0.10,0.58
QVQLVQSGAEVKKPGASVKVSCKASGYTFTDYYMHWVRQAPGQGLEWMGRVNPNRRGTTYNQKFEGRVTMTTDTSTSTAYMELRSLRSDDTAVYYCARANWLDYWGQGTTVTVSS,EM13,-2.53,2.10,0.48,0.67,0.87
QVQLVQSGAEVKKPGASVKVSCKASGYTFTDYYMHWVRQAPGQGLEWMGRVNPNRRGTTYNQKFEGRVTMTTDTSTSTAYMELRSLRSDDTAVYYCARANALDSWGQGTTVTVSS,R2I1,-3.25,2.68,1.10,0.74,0.82
QVQLVQSGAEVKKPGASVKVSCKASGYTFTDYYMHWVRQAPGQGLEWMGRVNPNRRGTTYNQKFEGRVTMTTDTSTSTAYMELRSLRSDDTAVYYCARSNALDFWGQGTTVTVSS,R2I2,-3.42,2.25,1.13,0.90,0.94
QVQLVQSGAEVKKPGASVKVSCKASGYTFTDYFMHWVRQAPGQGLEWMGRVNPNGRGTTYNQKFEGRVTMTTDTSTSTAYMELRSLRSDDTAVYYCARSNALDFWGQGTTVTVSS,R2I3,-3.16,2.34,1.08,0.67,0.87
QVQLVQSGAEVKKPGASVKVSCKASGYTFTDYYMHWVRQAPGQGLEWMGRVNPNRRGTTYNQKFEGRVTMTTDTSTSTAYMELRSLRSDDTAVYYCARSNWLDDWGQGTTVTVSS,R2I4,-3.04,2.28,1.08,0.78,0.80
QVQLVQSGAEVKKPGASVKVSCKASGYTFTDYYMHWVRQAPGQGLEWMGRVNPNRRGTTYNQKFEGRVTMTTDTSTSTAYMELRSLRSDDTAVYYCARSNSLDFWGQGTTVTVSS,R2I5,-3.25,1.94,1.11,0.75,0.71
QVQLVQSGAEVKKPGASVKVSCKASGYTFTDYYMHWVRQAPGQGLEWMGRVNPNRGGTTYNQKFEGRVTMTTDTSTSTAYMELRSLRSDDTAVYYCARANALDFWGQGTTVTVSS,R2I6,-3.16,2.01,0.68,0.27,0.46
QVQLVQSGAEVKKPGASVKVSCKASGYTFTDYYMHWVRQAPGQGLEWMGRVNPNRRGTTYNQKFEGRVTMTTDTSTSTAYMELRSLRSDDTAVYYCARSNVLDAWGQGTTVTVSS,R2I7,-3.06,2.07,1.08,0.99,0.55
QVQLVQSGAEVKKPGASVKVSCKASGYTFTDYYMHWVRQAPGQGLEWMGRVNPNGRGTTYNQKFEGRVTMTTDTSTSTAYMELRSLRSDDTAVYYCARANVLDFWGQGTTVTVSS,R2I8,-2.90,1.91,1.05,0.55,0.75
QVQLVQSGAEVKKPGASVKVSCKASGYTFTDYYMHWVRQAPGQGLEWMGRVNPNGRGTTYNQKFEGRVTMTTDTSTSTAYMELRSLRSDDTAVYYCARANSLDFWGQGTTVTVSS,R2I9,-2.97,1.73,1.05,0.12,0.38
QVQLVQSGAEVKKPGASVKVSCKASGYTFTDYYMHWVRQAPGQGLEWMGRVNPNRGGTTYNQKFEGRVTMTTDTSTSTAYMELRSLRSDDTAVYYCARSNVLDAWGQGTTVTVSS,R2I10,-2.84,1.62,1.02,0.85,1.08
QVQLVQSGAEVKKPGASVKVSCKASGYTFTDYYMHWVRQAPGQGLEWMGRVNPNGKGTTYNQKFEGRVTMTTDTSTSTAYMELRSLRSDDTAVYYCARSNALDVWGQGTTVTVSS,R2I11,-2.80,1.57,0.99,0.54,0.82
QVQLVQSGAEVKKPGASVKVSCKASGYTFTDYYMHWVRQAPGQGLEWMGRVNPNRGGTTYNQKFEGRVTMTTDTSTSTAYMELRSLRSDDTAVYYCARSNLLDSWGQGTTVTVSS,R2I12,-2.80,1.66,1.02,0.72,0.97
QVQLVQSGAEVKKPGASVKVSCKASGYTFTDYYMHWVRQAPGQGLEWMGRVNPNGKGTTYNQKFEGRVTMTTDTSTSTAYMELRSLRSDDTAVYYCARSNLLDAWGQGTTVTVSS,R2I13,-2.71,1.59,1.08,0.51,0.88
QVQLVQSGAEVKKPGASVKVSCKASGYTFTDYYMHWVRQAPGQGLEWMGRVNPNTRGTTYNQKFEGRVTMTTDTSTSTAYMELRSLRSDDTAVYYCARANVLDDWGQGTTVTVSS,R2I14,-2.56,1.43,0.69,0.37,0.63
QVQLVQSGAEVKKPGASVKVSCKASGYTFTDYYMHWVRQAPGQGLEWMGRVNPNGRSTTYNQKFEGRVTMTTDTSTSTAYMELRSLRSDDTAVYYCARSNSLDVWGQGTTVTVSS,R2I15,-2.46,1.42,0.80,0.43,0.89
QVQLVQSGAEVKKPGASVKVSCKASGYTFTDYYMHWVRQAPGQGLEWMGRVNPNGKATTYNQKFEGRVTMTTDTSTSTAYMELRSLRSDDTAVYYCARANVLDDWGQGTTVTVSS,R2I16,-2.44,1.38,0.42,0.04,0.13
QVQLVQSGAEVKKPGASVKVSCKASGYTFTDYYMHWVRQAPGQGLEWMGRVNPNGGGTTYNQKFEGRVTMTTDTSTSTAYMELRSLRSDDTAVYYCARSNGLDSWGQGTTVTVSS,R2I17,-2.61,1.04,0.49,0.13,0.34
QVQLVQSGAEVKKPGASVKVSCKASGYTFTDYFMHWVRQAPGQGLEWMGRVNPNGGGTTYNQKFEGRVTMTTDTSTSTAYMELRSLRSDDTAVYYCARSNVLDSWGQGTTVTVSS,R2I18,-2.41,1.11,0.49,0.53,1.05
QVQLVQSGAEVKKPGASVKVSCKASGYTFTDYYMHWVRQAPGQGLEWMGRVNPNGGGTTYNQKFEGRVTMTTDTSTSTAYMELRSLRSDDTAVYYCARSNALDAWGQGTTVTVSS,R2I19,-2.46,0.66,0.43,0.20,0.53
QVQLVQSGAEVKKPGASVKVSCKASGYTFTDYYMHWVRQAPGQGLEWMGRVNPNRGDTTYNQKFEGRVTMTTDTSTSTAYMELRSLRSDDTAVYYCARANALDFWGQGTTVTVSS,R2I20,-2.15,0.47,0.35,0.02,0.10
QVQLVQSGAEVKKPGASVKVSCKASGYTFTDYYMHWVRQAPGQGLEWMGRVNPNKGDTTYNQKFEGRVTMTTDTSTSTAYMELRSLRSDDTAVYYCARSNLLDDWGQGTTVTVSS,R2I21,-2.08,0.30,0.38,0.02,0.03
QVQLVQSGAEVKKPGASVKVSCKASGYTFTDYYMHWVRQAPGQGLEWMGRVNPNTGGTTYNQKFEGRVTMTTDTSTSTAYMELRSLRSDDTAVYYCARSNLLDDWGQGTTVTVSS,R2I22,-2.08,0.57,0.85,0.27,0.97
QVQLVQSGAEVKKPGASVKVSCKASGYTFTDYYMHWVRQAPGQGLEWMGRVNPNRGDTTYNQKFEGRVTMTTDTSTSTAYMELRSLRSDDTAVYYCARSNALDDWGQGTTVTVSS,R2I23,-1.91,0.26,0.57,0.05,0.40
QVQLVQSGAEVKKPGASVKVSCKASGYTFTDYYMHWVRQAPGQGLEWMGRVNPNGGDTTYNQKFEGRVTMTTDTSTSTAYMELRSLRSDDTAVYYCARANALDFWGQGTTVTVSS,R2I24,-1.79,0.08,,,
