,ANT Binding,OVA Binding,SMP Binding,
14.53,0.83,0,0.05,QVQLVQSGAEVKKPGASVKVSCKASGYTFTDYYMHWVRQAPGQGLEWMGRVNPNKGGTTYNQKFEGRVTMTTDTSTSTAYMELRSLRSDDTAVYYCARANSLDDWGQGTTVTVSS
18.06,0.31,0.01,0.09,QVQLVQSGAEVKKPGASVKVSCKASGYTFTDYVMHWVRQAPGQGLEWMGKVNPNGRGTTYNQKFEGRVTMTTDTSTSTAYMELRSLRSDDTAVYYCARSNLLDDWGQGTTVTVSS
24.32,0.52,0.04,0.09,QVQLVQSGAEVKKPGASVKVSCKASGYTFTDYYMHWVRQAPGQGLEWMGRVNPNGAGTTYNQKFEGRVTMTTDTSTSTAYMELRSLRSDDTAVYYCARANLLDYWGQGTTVTVSS
27.02,0.57,0.73,0.76,QVQLVQSGAEVKKPGASVKVSCKASGYTFTDYYMHWVRQAPGQGLEWMGKVNPNKRGTTYNQKFEGRVTMTTDTSTSTAYMELRSLRSDDTAVYYCARSNALDAWGQGTTVTVSS
27.1,0.95,0.01,0.05,QVQLVQSGAEVKKPGASVKVSCKASGYTFTDYYMHWVRQAPGQGLEWMGRVNPNAGGTTYNQKFEGRVTMTTDTSTSTAYMELRSLRSDDTAVYYCARSNGLDDWGQGTTVTVSS
27.22,1.2,0.7,0.87,QVQLVQSGAEVKKPGASVKVSCKASGYTFTDYYMHWVRQAPGQGLEWMGRVNPNGRGTTYNQKFEGRVTMTTDTSTSTAYMELRSLRSDDTAVYYCARSNALDAWGQGTTVTVSS
27.32,0.57,0.76,0.64,QVQLVQSGAEVKKPGASVKVSCKASGYTFTDYYMHWVRQAPGQGLEWMGRVNPNTRSTTYNQKFEGRVTMTTDTSTSTAYMELRSLRSDDTAVYYCARSNALDAWGQGTTVTVSS
43.01,1.15,0.53,0.76,QVQLVQSGAEVKKPGASVKVSCKASGYTFTDYYMHWVRQAPGQGLEWMGRVNPNGRGTTYNQKFEGRVTMTTDTSTSTAYMELRSLRSDDTAVYYCARSNGLDYWGQGTTVTVSS
43.06,1.2,0.4,0.73,QVQLVQSGAEVKKPGASVKVSCKASGYTFTDYYMHWVRQAPGQGLEWMGRVNPNGRGTTYNQKFEGRVTMTTDTSTSTAYMELRSLRSDDTAVYYCARSNLLDDWGQGTTVTVSS
43.14,0.43,0.01,0.25,QVQLVQSGAEVKKPGASVKVSCKASGYTFTDYYMHWVRQAPGQGLEWMGRVNPNREDTTYNQKFEGRVTMTTDTSTSTAYMELRSLRSDDTAVYYCARANLLDDWGQGTTVTVSS
43.2,0.79,0.01,0.08,QVQLVQSGAEVKKPGASVKVSCKASGYTFTDYVMHWVRQAPGQGLEWMGRVNPNGRGTTYNQKFEGRVTMTTDTSTSTAYMELRSLRSDDTAVYYCARSNLLDDWGQGTTVTVSS
45.02,0.72,0.03,0.15,QVQLVQSGAEVKKPGASVKVSCKASGYTFTDYYMHWVRQAPGQGLEWMGRVNPNGRGTTYNQKFEGRVTMTTDTSTSTAYMELRSLRSDDTAVYYCARSNLLDYWGQGTTVTVSS
45.04,0.5,0.02,0.17,QVQLVQSGAEVKKPGASVKVSCKASGYTFTDYYMHWVRQAPGQGLEWMGRVNPNGRGTTYNQKFEGRVTMTTDTSTSTAYMELRSLRSDDTAVYYCARANLLDDWGQGTTVTVSS
EM01,0.83,0.09,0.28,QVQLVQSGAEVKKPGASVKVSCKASGYTFTDYYMHWVRQAPGQGLEWMGRVNPNAGGTTYNQKFEGRVTMTTDTSTSTAYMELRSLRSDDTAVYYCARSNLLDYWGQGTTVTVSS
EM02,1.1,0.19,0.51,QVQLVQSGAEVKKPGASVKVSCKASGYTFTDYYMHWVRQAPGQGLEWMGRVNPNGRGTTYNQKFEGRVTMTTDTSTSTAYMELRSLRSDDTAVYYCARANALDAWGQGTTVTVSS
EM04,0.79,0.1,0.58,QVQLVQSGAEVKKPGASVKVSCKASGYTFTDYYMHWVRQAPGQGLEWMGRVNPNAGTTTYNQKFEGRVTMTTDTSTSTAYMELRSLRSDDTAVYYCARSNLLDDWGQGTTVTVSS
EM13,0.48,0.67,0.87,QVQLVQSGAEVKKPGASVKVSCKASGYTFTDYYMHWVRQAPGQGLEWMGKVNPNRGSTTYNQKFEGRVTMTTDTSTSTAYMELRSLRSDDTAVYYCARSNLLDFWGQGTTVTVSS
R2I1,1.1,0.74,0.82,QVQLVQSGAEVKKPGASVKVSCKASGYTFTDYYMHWVRQAPGQGLEWMGRVNPNRRGTTYNQKFEGRVTMTTDTSTSTAYMELRSLRSDDTAVYYCARANALDSWGQGTTVTVSS
R2I2,1.13,0.9,0.94,QVQLVQSGAEVKKPGASVKVSCKASGYTFTDYYMHWVRQAPGQGLEWMGRVNPNRRGTTYNQKFEGRVTMTTDTSTSTAYMELRSLRSDDTAVYYCARSNALDFWGQGTTVTVSS
R2I3,1.08,0.67,0.87,QVQLVQSGAEVKKPGASVKVSCKASGYTFTDYFMHWVRQAPGQGLEWMGRVNPNGRGTTYNQKFEGRVTMTTDTSTSTAYMELRSLRSDDTAVYYCARSNALDFWGQGTTVTVSS
R2I4,1.08,0.78,0.8,QVQLVQSGAEVKKPGASVKVSCKASGYTFTDYYMHWVRQAPGQGLEWMGRVNPNRRGTTYNQKFEGRVTMTTDTSTSTAYMELRSLRSDDTAVYYCARSNWLDDWGQGTTVTVSS
R2I5,1.11,0.75,0.71,QVQLVQSGAEVKKPGASVKVSCKASGYTFTDYYMHWVRQAPGQGLEWMGRVNPNRRGTTYNQKFEGRVTMTTDTSTSTAYMELRSLRSDDTAVYYCARSNSLDFWGQGTTVTVSS
R2I6,0.68,0.27,0.46,QVQLVQSGAEVKKPGASVKVSCKASGYTFTDYYMHWVRQAPGQGLEWMGRVNPNRGGTTYNQKFEGRVTMTTDTSTSTAYMELRSLRSDDTAVYYCARANALDFWGQGTTVTVSS
R2I7,1.08,0.99,0.55,QVQLVQSGAEVKKPGASVKVSCKASGYTFTDYYMHWVRQAPGQGLEWMGRVNPNRRGTTYNQKFEGRVTMTTDTSTSTAYMELRSLRSDDTAVYYCARSNVLDAWGQGTTVTVSS
R2I8,1.05,0.55,0.75,QVQLVQSGAEVKKPGASVKVSCKASGYTFTDYYMHWVRQAPGQGLEWMGRVNPNGRGTTYNQKFEGRVTMTTDTSTSTAYMELRSLRSDDTAVYYCARANVLDFWGQGTTVTVSS
R2I9,1.05,0.12,0.38,QVQLVQSGAEVKKPGASVKVSCKASGYTFTDYYMHWVRQAPGQGLEWMGRVNPNGRGTTYNQKFEGRVTMTTDTSTSTAYMELRSLRSDDTAVYYCARANSLDFWGQGTTVTVSS
R2I10,1.02,0.85,1.08,QVQLVQSGAEVKKPGASVKVSCKASGYTFTDYYMHWVRQAPGQGLEWMGRVNPNRGGTTYNQKFEGRVTMTTDTSTSTAYMELRSLRSDDTAVYYCARSNVLDAWGQGTTVTVSS
R2I11,0.99,0.54,0.82,QVQLVQSGAEVKKPGASVKVSCKASGYTFTDYYMHWVRQAPGQGLEWMGRVNPNGKGTTYNQKFEGRVTMTTDTSTSTAYMELRSLRSDDTAVYYCARSNALDVWGQGTTVTVSS
R2I12,1.02,0.72,0.97,QVQLVQSGAEVKKPGASVKVSCKASGYTFTDYYMHWVRQAPGQGLEWMGRVNPNRGGTTYNQKFEGRVTMTTDTSTSTAYMELRSLRSDDTAVYYCARSNLLDSWGQGTTVTVSS
R2I13,1.08,0.51,0.88,QVQLVQSGAEVKKPGASVKVSCKASGYTFTDYYMHWVRQAPGQGLEWMGRVNPNGKGTTYNQKFEGRVTMTTDTSTSTAYMELRSLRSDDTAVYYCARSNLLDAWGQGTTVTVSS
R2I14,0.69,0.37,0.63,QVQLVQSGAEVKKPGASVKVSCKASGYTFTDYYMHWVRQAPGQGLEWMGRVNPNTRGTTYNQKFEGRVTMTTDTSTSTAYMELRSLRSDDTAVYYCARANVLDDWGQGTTVTVSS
R2I15,0.8,0.43,0.89,QVQLVQSGAEVKKPGASVKVSCKASGYTFTDYYMHWVRQAPGQGLEWMGRVNPNGRSTTYNQKFEGRVTMTTDTSTSTAYMELRSLRSDDTAVYYCARSNSLDVWGQGTTVTVSS
R2I16,0.42,0.04,0.13,QVQLVQSGAEVKKPGASVKVSCKASGYTFTDYYMHWVRQAPGQGLEWMGRVNPNGKATTYNQKFEGRVTMTTDTSTSTAYMELRSLRSDDTAVYYCARANVLDDWGQGTTVTVSS
R2I17,0.49,0.13,0.34,QVQLVQSGAEVKKPGASVKVSCKASGYTFTDYYMHWVRQAPGQGLEWMGRVNPNGGGTTYNQKFEGRVTMTTDTSTSTAYMELRSLRSDDTAVYYCARSNGLDSWGQGTTVTVSS
R2I18,0.49,0.53,1.05,QVQLVQSGAEVKKPGASVKVSCKASGYTFTDYFMHWVRQAPGQGLEWMGRVNPNGGGTTYNQKFEGRVTMTTDTSTSTAYMELRSLRSDDTAVYYCARSNVLDSWGQGTTVTVSS
R2I19,0.43,0.2,0.53,QVQLVQSGAEVKKPGASVKVSCKASGYTFTDYYMHWVRQAPGQGLEWMGRVNPNGGGTTYNQKFEGRVTMTTDTSTSTAYMELRSLRSDDTAVYYCARSNALDAWGQGTTVTVSS
R2I20,0.35,0.02,0.1,QVQLVQSGAEVKKPGASVKVSCKASGYTFTDYYMHWVRQAPGQGLEWMGRVNPNRGDTTYNQKFEGRVTMTTDTSTSTAYMELRSLRSDDTAVYYCARANALDFWGQGTTVTVSS
R2I21,0.38,0.02,0.03,QVQLVQSGAEVKKPGASVKVSCKASGYTFTDYYMHWVRQAPGQGLEWMGRVNPNKGDTTYNQKFEGRVTMTTDTSTSTAYMELRSLRSDDTAVYYCARSNLLDDWGQGTTVTVSS
R2I22,0.85,0.27,0.97,QVQLVQSGAEVKKPGASVKVSCKASGYTFTDYYMHWVRQAPGQGLEWMGRVNPNTGGTTYNQKFEGRVTMTTDTSTSTAYMELRSLRSDDTAVYYCARSNLLDDWGQGTTVTVSS
R2I23,0.57,0.05,0.4,QVQLVQSGAEVKKPGASVKVSCKASGYTFTDYYMHWVRQAPGQGLEWMGRVNPNRGDTTYNQKFEGRVTMTTDTSTSTAYMELRSLRSDDTAVYYCARSNALDDWGQGTTVTVSS
R2I24,0.058,0.01,0,QVQLVQSGAEVKKPGASVKVSCKASGYTFTDYYMHWVRQAPGQGLEWMGRVNPNGGDTTYNQKFEGRVTMTTDTSTSTAYMELRSLRSDDTAVYYCARANALDFWGQGTTVTVSS
R1AR2A1,0.6,0.34,0.51,QVQLVQSGAEVKKPGASVKVSCKASGYTFTDYYMHWVRQAPGQGLEWMGRVNFNGRGTTYNQKFEGRVTMTTDTSTSTAYMELRSLRSDDTAVYYCARSNLLDDWGQGTTVTVSS
R1AR2A2,0.46,0.34,0.53,QVQLVQSGAEVKKPGASVKVSCKASGYTFTDYYMHWVRQAPGQGLEWMGRVNINGRGTTYNQKFEGRVTMTTDTSTSTAYMELRSLRSDDTAVYYCARSNLLDDWGQGTTVTVSS
R1AR2A3,0.94,0.39,0.55,QVQLVQSGAEVKKPGASVKVSCKASGYTFTDYYMHWVRQAPGQGLEWMGRVNVNGRGTTYNQKFEGRVTMTTDTSTSTAYMELRSLRSDDTAVYYCARSNLLDDWGQGTTVTVSS
R1AR2A4,0.42,0.47,0.52,QVQLVQSGAEVKKPGASVKVSCKASGYTFTDYYMHWVRQAPGQGLEWMGRVNWNGRGTTYNQKFEGRVTMTTDTSTSTAYMELRSLRSDDTAVYYCARSNLLDDWGQGTTVTVSS
R1AR2A5,1.05,0.86,0.73,QVQLVQSGAEVKKPGASVKVSCKASGYTFTDYYMHWVRQAPGQGLEWMGRVNPWGRGTTYNQKFEGRVTMTTDTSTSTAYMELRSLRSDDTAVYYCARSNLLDDWGQGTTVTVSS
R1AR2A6,1.02,0.57,0.7,QVQLVQSGAEVKKPGASVKVSCKASGYTFTDYYMHWVRQAPGQGLEWMGRVNPNGRMTTYNQKFEGRVTMTTDTSTSTAYMELRSLRSDDTAVYYCARSNLLDDWGQGTTVTVSS
R1AR2A7,1.1,0.31,0.64,QVQLVQSGAEVKKPGASVKVSCKASGYTFTDYYMHWVRQAPGQGLEWMGRVNPNGRGTMYNQKFEGRVTMTTDTSTSTAYMELRSLRSDDTAVYYCARSNLLDDWGQGTTVTVSS
R1AR2A8,1.13,0.23,0.46,QVQLVQSGAEVKKPGASVKVSCKASGYTFTDYYMHWVRQAPGQGLEWMGRVNPNGRGTTYMQKFEGRVTMTTDTSTSTAYMELRSLRSDDTAVYYCARSNLLDDWGQGTTVTVSS
R1AR2M1,0.45,0.08,0.19,QVQLVQSGAEVKKPGASVKVSCKASGYTFTDYYMHWVRQAPGQGLEWMGRVNDNGRGTTYNQKFEGRVTMTTDTSTSTAYMELRSLRSDDTAVYYCARSNLLDDWGQGTTVTVSS
R1AR2M2,0.85,0.67,0.72,QVQLVQSGAEVKKPGASVKVSCKASGYTFTDYYMHWVRQAPGQGLEWMGRVNPNGRLTTYNQKFEGRVTMTTDTSTSTAYMELRSLRSDDTAVYYCARSNLLDDWGQGTTVTVSS
R1AR2M3,1.13,0.62,0.9,QVQLVQSGAEVKKPGASVKVSCKASGYTFTDYYMHWVRQAPGQGLEWMGRVNPNGRGTYYNQKFEGRVTMTTDTSTSTAYMELRSLRSDDTAVYYCARSNLLDDWGQGTTVTVSS
R1AR2M4,1.18,0.23,0.47,QVQLVQSGAEVKKPGASVKVSCKASGYTFTDYYMHWVRQAPGQGLEWMGRVNPNGRGTTYAQKFEGRVTMTTDTSTSTAYMELRSLRSDDTAVYYCARSNLLDDWGQGTTVTVSS
R1AR2M5,1.16,0.23,0.41,QVQLVQSGAEVKKPGASVKVSCKASGYTFTDYYMHWVRQAPGQGLEWMGRVNPNGRGTTYVQKFEGRVTMTTDTSTSTAYMELRSLRSDDTAVYYCARSNLLDDWGQGTTVTVSS
R1AR2M6,1.18,0.17,0.32,QVQLVQSGAEVKKPGASVKVSCKASGYTFTDYYMHWVRQAPGQGLEWMGRVNPNGRGTTYYQKFEGRVTMTTDTSTSTAYMELRSLRSDDTAVYYCARSNLLDDWGQGTTVTVSS
R1AR2M7,1.2,0.3,0.6,QVQLVQSGAEVKKPGASVKVSCKASGYTFTDYYMHWVRQAPGQGLEWMGRVNPNGRGTTYNQGFEGRVTMTTDTSTSTAYMELRSLRSDDTAVYYCARSNLLDDWGQGTTVTVSS
R1AR2S1,0.24,0.59,0.87,QVQLVQSGAEVKKPGASVKVSCKASGYTFTDYYMHWVRQAPGQGLEWMGRVWPNGRGTTYNQKFEGRVTMTTDTSTSTAYMELRSLRSDDTAVYYCARSNLLDDWGQGTTVTVSS
R1AR2S2,0.94,0.39,0.79,QVQLVQSGAEVKKPGASVKVSCKASGYTFTDYYMHWVRQAPGQGLEWMGRVNPNGWGTTYNQKFEGRVTMTTDTSTSTAYMELRSLRSDDTAVYYCARSNLLDDWGQGTTVTVSS
R1AR2S3,1.08,0.56,0.85,QVQLVQSGAEVKKPGASVKVSCKASGYTFTDYYMHWVRQAPGQGLEWMGRVNPNGRGTWYNQKFEGRVTMTTDTSTSTAYMELRSLRSDDTAVYYCARSNLLDDWGQGTTVTVSS
R1AR2S4,1.15,0.22,0.5,QVQLVQSGAEVKKPGASVKVSCKASGYTFTDYYMHWVRQAPGQGLEWMGRVNPNGRGTTYNQDFEGRVTMTTDTSTSTAYMELRSLRSDDTAVYYCARSNLLDDWGQGTTVTVSS
R2N1,1.18,0.25,0.56,QVQLVQSGAEVKKPGASVKVSCKASGYTFTDYYMHWVRQAPGQGLEWMGRINPNGRGTTYNQKFEGRVTMTTDTSTSTAYMELRSLRSDDTAVYYCARSNLLDDWGQGTTVTVSS
R2N10,1.11,0.14,0.33,QVQLVQSGAEVKKPGASVKVSCKASGYTFTDYYMHWVRQAPGQGLEWMGRVNPNGRGTTYGQKFEGRVTMTTDTSTSTAYMELRSLRSDDTAVYYCARSNLLDDWGQGTTVTVSS
R2N11,1.16,0.3,0.58,QVQLVQSGAEVKKPGASVKVSCKASGYTFTDYYMHWVRQAPGQGLEWMGRVNPNGRGTTYQQKFEGRVTMTTDTSTSTAYMELRSLRSDDTAVYYCARSNLLDDWGQGTTVTVSS
R2N12,1.16,0.34,0.59,QVQLVQSGAEVKKPGASVKVSCKASGYTFTDYYMHWVRQAPGQGLEWMGRVNPNGRGTTYSQKFEGRVTMTTDTSTSTAYMELRSLRSDDTAVYYCARSNLLDDWGQGTTVTVSS
R2N13,1.16,0.29,0.59,QVQLVQSGAEVKKPGASVKVSCKASGYTFTDYYMHWVRQAPGQGLEWMGRVNPNGRGTTYTQKFEGRVTMTTDTSTSTAYMELRSLRSDDTAVYYCARSNLLDDWGQGTTVTVSS
R2N14,1.2,0.42,0.69,QVQLVQSGAEVKKPGASVKVSCKASGYTFTDYYMHWVRQAPGQGLEWMGRVNPNGRGTTYNQNFEGRVTMTTDTSTSTAYMELRSLRSDDTAVYYCARSNLLDDWGQGTTVTVSS
R2N15,1.24,0.62,0.76,QVQLVQSGAEVKKPGASVKVSCKASGYTFTDYYMHWVRQAPGQGLEWMGRVNPNGRGTTYNQRFEGRVTMTTDTSTSTAYMELRSLRSDDTAVYYCARSNLLDDWGQGTTVTVSS
R2N16,0.41,0,0.03,QVQLVQSGAEVKKPGASVKVSCKASGYTFTDYYMHWVRQAPGQGLEWMGRVNPNGRGTTYNQKFEGRVTMTTDTSTSTAYMELRSLRSDDTAVYYCGRSNLLDDWGQGTTVTVSS
R2N17,0.16,0,0,QVQLVQSGAEVKKPGASVKVSCKASGYTFTDYYMHWVRQAPGQGLEWMGRVNPNGRGTTYNQKFEGRVTMTTDTSTSTAYMELRSLRSDDTAVYYCARSDLLDDWGQGTTVTVSS
R2N18,1.22,0.62,0.81,QVQLVQSGAEVKKPGASVKVSCKASGYTFTDYYMHWVRQAPGQGLEWMGRVNPNGRGTTYNQKFEGRVTMTTDTSTSTAYMELRSLRSDDTAVYYCARSELLDDWGQGTTVTVSS
R2N19,1.2,0.54,0.75,QVQLVQSGAEVKKPGASVKVSCKASGYTFTDYYMHWVRQAPGQGLEWMGRVNPNGRGTTYNQKFEGRVTMTTDTSTSTAYMELRSLRSDDTAVYYCARSNVLDDWGQGTTVTVSS
R2N2,1.22,0.44,0.82,QVQLVQSGAEVKKPGASVKVSCKASGYTFTDYYMHWVRQAPGQGLEWMGRLNPNGRGTTYNQKFEGRVTMTTDTSTSTAYMELRSLRSDDTAVYYCARSNLLDDWGQGTTVTVSS
R2N20,1.28,0.3,0.6,QVQLVQSGAEVKKPGASVKVSCKASGYTFTDYYMHWVRQAPGQGLEWMGRVNPNGRGTTYNQKFEGRVTMTTDTSTSTAYMELRSLRSDDTAVYYCARSNLFDDWGQGTTVTVSS
R2N21,1.16,0.49,0.45,QVQLVQSGAEVKKPGASVKVSCKASGYTFTDYYMHWVRQAPGQGLEWMGRVNPNGRGTTYNQKFEGRVTMTTDTSTSTAYMELRSLRSDDTAVYYCARSNLMDDWGQGTTVTVSS
R2N22,1.24,0.76,0.89,QVQLVQSGAEVKKPGASVKVSCKASGYTFTDYYMHWVRQAPGQGLEWMGRVNPNGRGTTYNQKFEGRVTMTTDTSTSTAYMELRSLRSDDTAVYYCARSNLLEDWGQGTTVTVSS
R2N23,1.22,0.75,0.9,QVQLVQSGAEVKKPGASVKVSCKASGYTFTDYYMHWVRQAPGQGLEWMGRVNPNGRGTTYNQKFEGRVTMTTDTSTSTAYMELRSLRSDDTAVYYCARSNLLDNWGQGTTVTVSS
R2N24,1.03,0.52,0.67,QVQLVQSGAEVKKPGASVKVSCKASGYTFTDYYMHWVRQAPGQGLEWMGRVNPNGRGTTYNQKFEGRVTMTTDTSTSTAYMELRSLRSDDTAVYYCARSNLLDQWGQGTTVTVSS
R2N3,0.85,0.07,0.29,QVQLVQSGAEVKKPGASVKVSCKASGYTFTDYYMHWVRQAPGQGLEWMGRVNPEGRGTTYNQKFEGRVTMTTDTSTSTAYMELRSLRSDDTAVYYCARSNLLDDWGQGTTVTVSS
R2N4,1.03,0.2,0.41,QVQLVQSGAEVKKPGASVKVSCKASGYTFTDYYMHWVRQAPGQGLEWMGRVNPNSRGTTYNQKFEGRVTMTTDTSTSTAYMELRSLRSDDTAVYYCARSNLLDDWGQGTTVTVSS
R2N6,1.17,0.5,0.82,QVQLVQSGAEVKKPGASVKVSCKASGYTFTDYYMHWVRQAPGQGLEWMGRVNPNGRGTSYNQKFEGRVTMTTDTSTSTAYMELRSLRSDDTAVYYCARSNLLDDWGQGTTVTVSS
R2N7,1.13,0.23,0.42,QVQLVQSGAEVKKPGASVKVSCKASGYTFTDYYMHWVRQAPGQGLEWMGRVNPNGRGTVYNQKFEGRVTMTTDTSTSTAYMELRSLRSDDTAVYYCARSNLLDDWGQGTTVTVSS
R2N8,1.15,0.23,0.46,QVQLVQSGAEVKKPGASVKVSCKASGYTFTDYYMHWVRQAPGQGLEWMGRVNPNGRGTTYDQKFEGRVTMTTDTSTSTAYMELRSLRSDDTAVYYCARSNLLDDWGQGTTVTVSS
R2N9,1.16,0.18,0.35,QVQLVQSGAEVKKPGASVKVSCKASGYTFTDYYMHWVRQAPGQGLEWMGRVNPNGRGTTYEQKFEGRVTMTTDTSTSTAYMELRSLRSDDTAVYYCARSNLLDDWGQGTTVTVSS
INT200,0.58,0.08,0.2,QVQLVQSGAEVKKPGASVKVSCKASGYTFTDYYMHWVRQAPGQGLEWMGRVNPNGLGTTYNQKFEGRVTMTTDTSTSTAYMELRSLRSDDTAVYYCARSNGLDYWGQGTTVTVSS
INT201,0.56,0.75,1.1,QVQLVQSGAEVKKPGASVKVSCKASGYTFTDYYMHWVRQAPGQGLEWMGRVNPNGRGTTYNQKFEGRVTMTTDTSTSTAYMELRSLRSDDTAVYYCARSNKLDYWGQGTTVTVSS
INT202,1.05,0.61,0.96,QVQLVQSGAEVKKPGASVKVSCKASGYTFTDYYMHWVRQAPGQGLEWMGRVNPNGRGTTYNQKFEGRVTMTTDTSTSTAYMELRSLRSDDTAVYYCARMNLLDDWGQGTTVTVSS
INT203,0.99,0.16,0.3,QVQLVQSGAEVKKPGASVKVSCKASGYTFTDYYMHWVRQAPGQGLEWMGRVNPNGRGTTYNQKFEGRVTMTTDTSTSTAYMELRSLRSDDTAVYYCARQNLLDDWGQGTTVTVSS
INT204,0.45,0.51,0.97,QVQLVQSGAEVKKPGASVKVSCKASGYTFTDYYMHWVRQAPGQGLEWMGRVNPNGRGTTYNQKFEGRVTMTTDTSTSTAYMELRSLRSDDTAVYYCARANKLDFWGQGTTVTVSS
INT205,0.89,0.12,0.47,QVQLVQSGAEVKKPGASVKVSCKASGYTFTDYYMHWVRQAPGQGLEWMGRVNPNGRGTTYNQKFEGRVTMTTDTSTSTAYMELRSLRSDDTAVYYCARANTLDFWGQGTTVTVSS
INT207,0.54,0.07,0.27,QVQLVQSGAEVKKPGASVKVSCKASGYTFTDYYMHWVRQAPGQGLEWMGRVNPNGSGTTYNQKFEGRVTMTTDTSTSTAYMELRSLRSDDTAVYYCARSNALDVWGQGTTVTVSS
INT209,0.94,0.43,0.64,QVQLVQSGAEVKKPGASVKVSCKASGYTFTDYYMHWVRQAPGQGLEWMGRVNPNGKGTTYNQKFEGRVTMTTDTSTSTAYMELRSLRSDDTAVYYCARSNALDIWGQGTTVTVSS
INT211,1,0.37,0.68,QVQLVQSGAEVKKPGASVKVSCKASGYTFTDYYMHWVRQAPGQGLEWMGRVNPNGKGTTYNQKFEGRVTMTTDTSTSTAYMELRSLRSDDTAVYYCARSNALDTWGQGTTVTVSS
INT212,0.97,0.5,0.88,QVQLVQSGAEVKKPGASVKVSCKASGYTFTDYYMHWVRQAPGQGLEWMGRVNPNGRKTTYNQKFEGRVTMTTDTSTSTAYMELRSLRSDDTAVYYCARSNSLDVWGQGTTVTVSS
INT213,0.68,0.45,0.77,QVQLVQSGAEVKKPGASVKVSCKASGYTFTDYYMHWVRQAPGQGLEWMGRVNPNGRVTTYNQKFEGRVTMTTDTSTSTAYMELRSLRSDDTAVYYCARSNSLDVWGQGTTVTVSS
INT214,0.38,0.03,0.15,QVQLVQSGAEVKKPGASVKVSCKASGYTFTDYYMHWVRQAPGQGLEWMGRVNPNGGGTTYNQKFEGRVTMTTDTSTSTAYMELRSLRSDDTAVYYCARSNGLDTWGQGTTVTVSS
R1AR2A6,1.02,0.57,0.7,QVQLVQSGAEVKKPGASVKVSCKASGYTFTDYYMHWVRQAPGQGLEWMGRVNPNGRMTTYNQKFEGRVTMTTDTSTSTAYMELRSLRSDDTAVYYCARSNLLDDWGQGTTVTVSS
R1AR2M2,0.85,0.67,0.72,QVQLVQSGAEVKKPGASVKVSCKASGYTFTDYYMHWVRQAPGQGLEWMGRVNPNGRLTTYNQKFEGRVTMTTDTSTSTAYMELRSLRSDDTAVYYCARSNLLDDWGQGTTVTVSS
R1AR2S2,0.94,0.39,0.79,QVQLVQSGAEVKKPGASVKVSCKASGYTFTDYYMHWVRQAPGQGLEWMGRVNPNGWGTTYNQKFEGRVTMTTDTSTSTAYMELRSLRSDDTAVYYCARSNLLDDWGQGTTVTVSS
